[
    {
        "pk": 8,
        "model": "contenttypes.contenttype",
        "fields": {
            "model": "app",
            "name": "app",
            "app_label": "student"
        }
    },
    {
        "pk": 14,
        "model": "contenttypes.contenttype",
        "fields": {
            "model": "company",
            "name": "company",
            "app_label": "student"
        }
    },
    {
        "pk": 4,
        "model": "contenttypes.contenttype",
        "fields": {
            "model": "contenttype",
            "name": "content type",
            "app_label": "contenttypes"
        }
    },
    {
        "pk": 12,
        "model": "contenttypes.contenttype",
        "fields": {
            "model": "experience",
            "name": "experience",
            "app_label": "student"
        }
    },
    {
        "pk": 2,
        "model": "contenttypes.contenttype",
        "fields": {
            "model": "group",
            "name": "group",
            "app_label": "auth"
        }
    },
    {
        "pk": 15,
        "model": "contenttypes.contenttype",
        "fields": {
            "model": "internship",
            "name": "internship",
            "app_label": "student"
        }
    },
    {
        "pk": 7,
        "model": "contenttypes.contenttype",
        "fields": {
            "model": "logentry",
            "name": "log entry",
            "app_label": "admin"
        }
    },
    {
        "pk": 1,
        "model": "contenttypes.contenttype",
        "fields": {
            "model": "permission",
            "name": "permission",
            "app_label": "auth"
        }
    },
    {
        "pk": 10,
        "model": "contenttypes.contenttype",
        "fields": {
            "model": "project",
            "name": "project",
            "app_label": "student"
        }
    },
    {
        "pk": 9,
        "model": "contenttypes.contenttype",
        "fields": {
            "model": "school",
            "name": "school",
            "app_label": "student"
        }
    },
    {
        "pk": 5,
        "model": "contenttypes.contenttype",
        "fields": {
            "model": "session",
            "name": "session",
            "app_label": "sessions"
        }
    },
    {
        "pk": 6,
        "model": "contenttypes.contenttype",
        "fields": {
            "model": "site",
            "name": "site",
            "app_label": "sites"
        }
    },
    {
        "pk": 13,
        "model": "contenttypes.contenttype",
        "fields": {
            "model": "student",
            "name": "student",
            "app_label": "student"
        }
    },
    {
        "pk": 11,
        "model": "contenttypes.contenttype",
        "fields": {
            "model": "subject",
            "name": "subject",
            "app_label": "student"
        }
    },
    {
        "pk": 3,
        "model": "contenttypes.contenttype",
        "fields": {
            "model": "user",
            "name": "user",
            "app_label": "auth"
        }
    },
    {
        "pk": 1,
        "model": "sites.site",
        "fields": {
            "domain": "example.com",
            "name": "example.com"
        }
    },
    {
        "pk": 1,
        "model": "student.school",
        "fields": {
            "name": "T\u00e9l\u00e9com ParisTech",
            "facebook_id": "146885592026295"
        }
    },
    {
        "pk": 2,
        "model": "student.school",
        "fields": {
            "name": "UTC Compi\u00e8gne",
            "facebook_id": "90829349317"
        }
    },
    {
        "pk": 3,
        "model": "student.school",
        "fields": {
            "name": "Harvard",
            "facebook_id": "105930651606"
        }
    },
    {
        "pk": 4,
        "model": "student.school",
        "fields": {
            "name": "T\u00e9l\u00e9com Bretagne",
            "facebook_id": "193925663997182"
        }
    },
    {
        "pk": 5,
        "model": "student.school",
        "fields": {
            "name": "Jussieu",
            "facebook_id": "106028923342"
        }
    },
    {
        "pk": 6,
        "model": "student.school",
        "fields": {
            "name": "London School of Commerce",
            "facebook_id": "206074856084826"
        }
    },
    {
        "pk": 7,
        "model": "student.school",
        "fields": {
            "name": "Université Paris 1 Panthéon-Sorbonne",
            "facebook_id": "28438715750"
        }
    },
    {
        "pk": 8,
        "model": "student.school",
        "fields": {
            "name": "Audencia School Of Management",
            "facebook_id": "139155746149870"
        }
    },
    {
        "pk": 9,
        "model": "student.school",
        "fields": {
            "name": "Université Paris Diderot",
            "facebook_id": "129845573738867"
        }
    },
    {
        "pk": 1,
        "model": "student.project",
        "fields": {
            "name": "Software Project",
            "description": "2 weeks Software project to create a basic game in Java using SVM methods"
        }
    },
    {
        "pk": 2,
        "model": "student.project",
        "fields": {
            "name": "Hackthon Project",
            "description": "During this project, we made the most amazing application ever, it was a beer dispenser controled by phone"
        }
    },
    {
        "pk": 3,
        "model": "student.project",
        "fields": {
            "name": "Super Project",
            "description": "Our school asked us to create a web platform to enable students to rate their teachers, we developped it using django"
        }
    },
    {
        "pk": 1,
        "model": "student.subject",
        "fields": {
            "name": "Test subject"
        }
    },
    {
        "pk": 2,
        "model": "student.subject",
        "fields": {
            "name": "Facebook subject"
        }
    },
    {
        "pk": 1,
        "model": "student.student",
        "fields": {
            "first_name": "Vincent",
            "school": 1,
            "experiences": [],
            "facebook_id": "100004162807456",
            "sur_name": "Debergue",
            "projects": []
        }
    },
    {
        "pk": 2,
        "model": "student.student",
        "fields": {
            "first_name": "Laurent",
            "school": 1,
            "experiences": [],
            "facebook_id": "100004409162361",
            "sur_name": "Erignoux Dev",
            "projects": []
        }
    },
    {
        "pk": 3,
        "model": "student.student",
        "fields": {
            "first_name": "Tewfik",
            "school": 2,
            "experiences": [],
            "facebook_id": "1288815712",
            "sur_name": "Sadaoui",
            "projects": []
        }
    },
    {
        "pk": 4,
        "model": "student.student",
        "fields": {
            "first_name": "Mounir",
            "school": 9,
            "experiences": [],
            "facebook_id": "100003636222990",
            "sur_name": "Bacha Dev",
            "projects": []
        }
    },
    {
        "pk": 5,
        "model": "student.student",
        "fields": {
            "first_name": "Perrine",
            "school": 8,
            "experiences": [],
            "facebook_id": "543255142",
            "sur_name": "Elkh",
            "projects": []
        }
    },
    {
        "pk": 6,
        "model": "student.student",
        "fields": {
            "first_name": "Perrine",
            "school": 1,
            "experiences": [],
            "facebook_id": "545666142",
            "sur_name": "Elkh",
            "projects": []
        }
    },
    {
        "pk": 7,
        "model": "student.student",
        "fields": {
            "first_name": "Lazare",
            "school": 2,
            "experiences": [],
            "facebook_id": "54777142",
            "sur_name": "Saint",
            "projects": []
        }
    },
    {
        "pk": 8,
        "model": "student.student",
        "fields": {
            "first_name": "Abbé",
            "school": 3,
            "experiences": [],
            "facebook_id": "402202",
            "sur_name": "Pierre",
            "projects": []
        }
    },
    {
        "pk": 9,
        "model": "student.student",
        "fields": {
            "first_name": "Victor",
            "school": 4,
            "experiences": [],
            "facebook_id": "5400020242",
            "sur_name": "Ugo",
            "projects": []
        }
    },
    {
        "pk": 10,
        "model": "student.student",
        "fields": {
            "first_name": "Pere",
            "school": 5,
            "experiences": [],
            "facebook_id": "511514002",
            "sur_name": "Noel",
            "projects": []
        }
    },
    {
        "pk": 11,
        "model": "student.student",
        "fields": {
            "first_name": "Nicolas",
            "school": 6,
            "experiences": [],
            "facebook_id": "54454442",
            "sur_name": "Saint",
            "projects": []
        }
    },
    {
        "pk": 12,
        "model": "student.student",
        "fields": {
            "first_name": "Bill",
            "school": 7,
            "experiences": [],
            "facebook_id": "543245452",
            "sur_name": "Gates",
            "projects": []
        }
    },
    {
        "pk": 13,
        "model": "student.student",
        "fields": {
            "first_name": "Tiny",
            "school": 8,
            "experiences": [],
            "facebook_id": "555542",
            "sur_name": "Urls",
            "projects": []
        }
    },
    {
        "pk": 14,
        "model": "student.student",
        "fields": {
            "first_name": "Waldo",
            "school": 9,
            "experiences": [],
            "facebook_id": "4114142",
            "sur_name": "Where",
            "projects": []
        }
    },
    {
        "pk": 15,
        "model": "student.student",
        "fields": {
            "first_name": "Party",
            "school": 1,
            "experiences": [],
            "facebook_id": "5432141",
            "sur_name": "Allthetime",
            "projects": []
        }
    },
    {
        "pk": 16,
        "model": "student.student",
        "fields": {
            "first_name": "Call Me",
            "school": 2,
            "experiences": [],
            "facebook_id": "5432551141412",
            "sur_name": "Maybe",
            "projects": []
        }
    },
    {
        "pk": 17,
        "model": "student.student",
        "fields": {
            "first_name": "Perrine",
            "school": 3,
            "experiences": [],
            "facebook_id": "54325545",
            "sur_name": "Elkh",
            "projects": []
        }
    },
    {
        "pk": 18,
        "model": "student.student",
        "fields": {
            "first_name": "Perrine",
            "school": 4,
            "experiences": [],
            "facebook_id": "54332333142",
            "sur_name": "Elkh",
            "projects": []
        }
    },
    {
        "pk": 19,
        "model": "student.student",
        "fields": {
            "first_name": "Perrine",
            "school": 5,
            "experiences": [],
            "facebook_id": "54327242",
            "sur_name": "Elkh",
            "projects": []
        }
    },
    {
        "pk": 20,
        "model": "student.student",
        "fields": {
            "first_name": "Big",
            "school": 6,
            "experiences": [],
            "facebook_id": "54378142",
            "sur_name": "Brother",
            "projects": []
        }
    },
    {
        "pk": 21,
        "model": "student.student",
        "fields": {
            "first_name": "Small",
            "school": 7,
            "experiences": [],
            "facebook_id": "54765767142",
            "sur_name": "Brother",
            "projects": []
        }
    },
    {
        "pk": 22,
        "model": "student.student",
        "fields": {
            "first_name": "Bart",
            "school": 8,
            "experiences": [],
            "facebook_id": "8888142",
            "sur_name": "Simpson",
            "projects": []
        }
    },
    {
        "pk": 23,
        "model": "student.student",
        "fields": {
            "first_name": "Marge",
            "school": 9,
            "experiences": [],
            "facebook_id": "558585142",
            "sur_name": "Simpson",
            "projects": []
        }
    },
    {
        "pk": 24,
        "model": "student.student",
        "fields": {
            "first_name": "Tiber",
            "school": 1,
            "experiences": [],
            "facebook_id": "54789676142",
            "sur_name": "Septim",
            "projects": []
        }
    },
    {
        "pk": 25,
        "model": "student.student",
        "fields": {
            "first_name": "Uriel",
            "school": 2,
            "experiences": [],
            "facebook_id": "5488942",
            "sur_name": "Septim",
            "projects": []
        }
    },
    {
        "pk": 26,
        "model": "student.student",
        "fields": {
            "first_name": "Mr",
            "school": 3,
            "experiences": [],
            "facebook_id": "577742",
            "sur_name": "Propre",
            "projects": []
        }
    },
    {
        "pk": 27,
        "model": "student.student",
        "fields": {
            "first_name": "Brother",
            "school": 4,
            "experiences": [],
            "facebook_id": "54992",
            "sur_name": "Jacques",
            "projects": []
        }
    },
    {
        "pk": 28,
        "model": "student.student",
        "fields": {
            "first_name": "Hyde",
            "school": 5,
            "experiences": [],
            "facebook_id": "543978942",
            "sur_name": "Jekyll",
            "projects": []
        }
    },
    {
        "pk": 29,
        "model": "student.student",
        "fields": {
            "first_name": "Stephane",
            "school": 6,
            "experiences": [],
            "facebook_id": "5489895142",
            "sur_name": "Le viet",
            "projects": []
        }
    },
    {
        "pk": 30,
        "model": "student.student",
        "fields": {
            "first_name": "Water",
            "school": 7,
            "experiences": [],
            "facebook_id": "5478742",
            "sur_name": "Evian",
            "projects": []
        }
    },
    {
        "pk": 31,
        "model": "student.student",
        "fields": {
            "first_name": "post",
            "school": 9,
            "experiences": [],
            "facebook_id": "5439789142",
            "sur_name": "It",
            "projects": []
        }
    },
    {
        "pk": 32,
        "model": "student.student",
        "fields": {
            "first_name": "M",
            "school": 1,
            "experiences": [],
            "facebook_id": "547869142",
            "sur_name": "nMs",
            "projects": []
        }
    },
    {
        "pk": 33,
        "model": "student.student",
        "fields": {
            "first_name": "Asterix",
            "school": 2,
            "experiences": [],
            "facebook_id": "5442552",
            "sur_name": "Le Gaullois",
            "projects": []
        }
    },
    {
        "pk": 34,
        "model": "student.student",
        "fields": {
            "first_name": "Obelix",
            "school": 3,
            "experiences": [],
            "facebook_id": "53232342",
            "sur_name": "The eater",
            "projects": []
        }
    },
    {
        "pk": 35,
        "model": "student.student",
        "fields": {
            "first_name": "James",
            "school": 4,
            "experiences": [],
            "facebook_id": "50452344",
            "sur_name": "Bond",
            "projects": []
        }
    },
    {
        "pk": 36,
        "model": "student.student",
        "fields": {
            "first_name": "Danette",
            "school": 5,
            "experiences": [],
            "facebook_id": "452032",
            "sur_name": "GetUp",
            "projects": []
        }
    },
    {
        "pk": 37,
        "model": "student.student",
        "fields": {
            "first_name": "Suiss",
            "school": 6,
            "experiences": [],
            "facebook_id": "54325510422",
            "sur_name": "Chocolate",
            "projects": []
        }
    },
    {
        "pk": 38,
        "model": "student.student",
        "fields": {
            "first_name": "Bose",
            "school": 7,
            "experiences": [],
            "facebook_id": "54324023",
            "sur_name": "Enstein",
            "projects": []
        }
    },
    {
        "pk": 39,
        "model": "student.student",
        "fields": {
            "first_name": "Fred",
            "school": 8,
            "experiences": [],
            "facebook_id": "54042305142",
            "sur_name": "Franky",
            "projects": []
        }
    },
    {
        "pk": 40,
        "model": "student.student",
        "fields": {
            "first_name": "Lorel",
            "school": 9,
            "experiences": [],
            "facebook_id": "50100142",
            "sur_name": "Hardy",
            "projects": []
        }
    },
    {
        "pk": 41,
        "model": "student.student",
        "fields": {
            "first_name": "Hunger",
            "school": 1,
            "experiences": [],
            "facebook_id": "543222222",
            "sur_name": "Game",
            "projects": []
        }
    },
    {
        "pk": 42,
        "model": "student.student",
        "fields": {
            "first_name": "Coca",
            "school": 2,
            "experiences": [],
            "facebook_id": "5432323142",
            "sur_name": "Cola",
            "projects": []
        }
    },
    {
        "pk": 43,
        "model": "student.student",
        "fields": {
            "first_name": "Bruce",
            "school": 3,
            "experiences": [],
            "facebook_id": "543245232",
            "sur_name": "Lee",
            "projects": []
        }
    },
    {
        "pk": 44,
        "model": "student.student",
        "fields": {
            "first_name": "Spider",
            "school": 4,
            "experiences": [],
            "facebook_id": "5345342",
            "sur_name": "Man",
            "projects": []
        }
    },
    {
        "pk": 45,
        "model": "student.student",
        "fields": {
            "first_name": "Super",
            "school": 5,
            "experiences": [],
            "facebook_id": "1223452",
            "sur_name": "Man",
            "projects": []
        }
    },
    {
        "pk": 46,
        "model": "student.student",
        "fields": {
            "first_name": "Chuck",
            "school": 6,
            "experiences": [],
            "facebook_id": "275455142",
            "sur_name": "Norris",
            "projects": []
        }
    },
    {
        "pk": 47,
        "model": "student.student",
        "fields": {
            "first_name": "Team",
            "school": 7,
            "experiences": [],
            "facebook_id": "54376563",
            "sur_name": "Engines",
            "projects": []
        }
    },
    {
        "pk": 48,
        "model": "student.student",
        "fields": {
            "first_name": "Boulet",
            "school": 8,
            "experiences": [],
            "facebook_id": "45142",
            "sur_name": "Totem",
            "projects": []
        }
    },
    {
        "pk": 49,
        "model": "student.student",
        "fields": {
            "first_name": "Loral",
            "school": 9,
            "experiences": [],
            "facebook_id": "5437545142",
            "sur_name": "Je le vaux bien",
            "projects": []
        }
    },
    {
        "pk": 50,
        "model": "student.student",
        "fields": {
            "first_name": "work",
            "school": 1,
            "experiences": [],
            "facebook_id": "54325442",
            "sur_name": "In Progress",
            "projects": []
        }
    },
    {
        "pk": 51,
        "model": "student.student",
        "fields": {
            "first_name": "Chipz",
            "school": 2,
            "experiences": [],
            "facebook_id": "545",
            "sur_name": "Lays",
            "projects": []
        }
    },
    {
        "pk": 52,
        "model": "student.student",
        "fields": {
            "first_name": "Nicolas",
            "school": 3,
            "experiences": [],
            "facebook_id": "53",
            "sur_name": "Petit",
            "projects": []
        }
    },
    {
        "pk": 53,
        "model": "student.student",
        "fields": {
            "first_name": "Pierre",
            "school": 4,
            "experiences": [],
            "facebook_id": "55563",
            "sur_name": "Leloup",
            "projects": []
        }
    },
    {
        "pk": 54,
        "model": "student.student",
        "fields": {
            "first_name": "Jean",
            "school": 5,
            "experiences": [],
            "facebook_id": "54",
            "sur_name": "De la lune",
            "projects": []
        }
    },
    {
        "pk": "104024606296679",
        "model": "student.company",
        "fields": {
            "name": "Work4Labs"
        }
    },
    {
        "pk": 1,
        "model": "student.internship",
        "fields": {
            "active": false,
            "company": "104024606296679",
            "title": "Ads developer",
            "description":"Ads developer : developer in charge of ads of course -_-",
            "applicants": []
        }
    },
    {
        "pk": 2,
        "model": "student.internship",
        "fields": {
            "active": false,
            "company": "104024606296679",
            "title": "HR needed",
            "description":"We need a HR to hire new amazing employees like the Big Brother is hiring you team !!!!!",
            "applicants": []
        }
    },
    {
        "pk": 3,
        "model": "student.internship",
        "fields": {
            "active": false,
            "company": "104024606296679",
            "title": "Product Manager",
            "description":"We need a Product Manager to sell our bad products or we will lost so much money oh my god",
            "applicants": []
        }
    },
    {
        "pk": 19,
        "model": "auth.permission",
        "fields": {
            "codename": "add_logentry",
            "name": "Can add log entry",
            "content_type": 7
        }
    },
    {
        "pk": 20,
        "model": "auth.permission",
        "fields": {
            "codename": "change_logentry",
            "name": "Can change log entry",
            "content_type": 7
        }
    },
    {
        "pk": 21,
        "model": "auth.permission",
        "fields": {
            "codename": "delete_logentry",
            "name": "Can delete log entry",
            "content_type": 7
        }
    },
    {
        "pk": 4,
        "model": "auth.permission",
        "fields": {
            "codename": "add_group",
            "name": "Can add group",
            "content_type": 2
        }
    },
    {
        "pk": 5,
        "model": "auth.permission",
        "fields": {
            "codename": "change_group",
            "name": "Can change group",
            "content_type": 2
        }
    },
    {
        "pk": 6,
        "model": "auth.permission",
        "fields": {
            "codename": "delete_group",
            "name": "Can delete group",
            "content_type": 2
        }
    },
    {
        "pk": 1,
        "model": "auth.permission",
        "fields": {
            "codename": "add_permission",
            "name": "Can add permission",
            "content_type": 1
        }
    },
    {
        "pk": 2,
        "model": "auth.permission",
        "fields": {
            "codename": "change_permission",
            "name": "Can change permission",
            "content_type": 1
        }
    },
    {
        "pk": 3,
        "model": "auth.permission",
        "fields": {
            "codename": "delete_permission",
            "name": "Can delete permission",
            "content_type": 1
        }
    },
    {
        "pk": 7,
        "model": "auth.permission",
        "fields": {
            "codename": "add_user",
            "name": "Can add user",
            "content_type": 3
        }
    },
    {
        "pk": 8,
        "model": "auth.permission",
        "fields": {
            "codename": "change_user",
            "name": "Can change user",
            "content_type": 3
        }
    },
    {
        "pk": 9,
        "model": "auth.permission",
        "fields": {
            "codename": "delete_user",
            "name": "Can delete user",
            "content_type": 3
        }
    },
    {
        "pk": 10,
        "model": "auth.permission",
        "fields": {
            "codename": "add_contenttype",
            "name": "Can add content type",
            "content_type": 4
        }
    },
    {
        "pk": 11,
        "model": "auth.permission",
        "fields": {
            "codename": "change_contenttype",
            "name": "Can change content type",
            "content_type": 4
        }
    },
    {
        "pk": 12,
        "model": "auth.permission",
        "fields": {
            "codename": "delete_contenttype",
            "name": "Can delete content type",
            "content_type": 4
        }
    },
    {
        "pk": 13,
        "model": "auth.permission",
        "fields": {
            "codename": "add_session",
            "name": "Can add session",
            "content_type": 5
        }
    },
    {
        "pk": 14,
        "model": "auth.permission",
        "fields": {
            "codename": "change_session",
            "name": "Can change session",
            "content_type": 5
        }
    },
    {
        "pk": 15,
        "model": "auth.permission",
        "fields": {
            "codename": "delete_session",
            "name": "Can delete session",
            "content_type": 5
        }
    },
    {
        "pk": 16,
        "model": "auth.permission",
        "fields": {
            "codename": "add_site",
            "name": "Can add site",
            "content_type": 6
        }
    },
    {
        "pk": 17,
        "model": "auth.permission",
        "fields": {
            "codename": "change_site",
            "name": "Can change site",
            "content_type": 6
        }
    },
    {
        "pk": 18,
        "model": "auth.permission",
        "fields": {
            "codename": "delete_site",
            "name": "Can delete site",
            "content_type": 6
        }
    },
    {
        "pk": 22,
        "model": "auth.permission",
        "fields": {
            "codename": "add_app",
            "name": "Can add app",
            "content_type": 8
        }
    },
    {
        "pk": 23,
        "model": "auth.permission",
        "fields": {
            "codename": "change_app",
            "name": "Can change app",
            "content_type": 8
        }
    },
    {
        "pk": 24,
        "model": "auth.permission",
        "fields": {
            "codename": "delete_app",
            "name": "Can delete app",
            "content_type": 8
        }
    },
    {
        "pk": 40,
        "model": "auth.permission",
        "fields": {
            "codename": "add_company",
            "name": "Can add company",
            "content_type": 14
        }
    },
    {
        "pk": 41,
        "model": "auth.permission",
        "fields": {
            "codename": "change_company",
            "name": "Can change company",
            "content_type": 14
        }
    },
    {
        "pk": 42,
        "model": "auth.permission",
        "fields": {
            "codename": "delete_company",
            "name": "Can delete company",
            "content_type": 14
        }
    },
    {
        "pk": 34,
        "model": "auth.permission",
        "fields": {
            "codename": "add_experience",
            "name": "Can add experience",
            "content_type": 12
        }
    },
    {
        "pk": 35,
        "model": "auth.permission",
        "fields": {
            "codename": "change_experience",
            "name": "Can change experience",
            "content_type": 12
        }
    },
    {
        "pk": 36,
        "model": "auth.permission",
        "fields": {
            "codename": "delete_experience",
            "name": "Can delete experience",
            "content_type": 12
        }
    },
    {
        "pk": 43,
        "model": "auth.permission",
        "fields": {
            "codename": "add_internship",
            "name": "Can add internship",
            "content_type": 15
        }
    },
    {
        "pk": 44,
        "model": "auth.permission",
        "fields": {
            "codename": "change_internship",
            "name": "Can change internship",
            "content_type": 15
        }
    },
    {
        "pk": 45,
        "model": "auth.permission",
        "fields": {
            "codename": "delete_internship",
            "name": "Can delete internship",
            "content_type": 15
        }
    },
    {
        "pk": 28,
        "model": "auth.permission",
        "fields": {
            "codename": "add_project",
            "name": "Can add project",
            "content_type": 10
        }
    },
    {
        "pk": 29,
        "model": "auth.permission",
        "fields": {
            "codename": "change_project",
            "name": "Can change project",
            "content_type": 10
        }
    },
    {
        "pk": 30,
        "model": "auth.permission",
        "fields": {
            "codename": "delete_project",
            "name": "Can delete project",
            "content_type": 10
        }
    },
    {
        "pk": 25,
        "model": "auth.permission",
        "fields": {
            "codename": "add_school",
            "name": "Can add school",
            "content_type": 9
        }
    },
    {
        "pk": 26,
        "model": "auth.permission",
        "fields": {
            "codename": "change_school",
            "name": "Can change school",
            "content_type": 9
        }
    },
    {
        "pk": 27,
        "model": "auth.permission",
        "fields": {
            "codename": "delete_school",
            "name": "Can delete school",
            "content_type": 9
        }
    },
    {
        "pk": 37,
        "model": "auth.permission",
        "fields": {
            "codename": "add_student",
            "name": "Can add student",
            "content_type": 13
        }
    },
    {
        "pk": 38,
        "model": "auth.permission",
        "fields": {
            "codename": "change_student",
            "name": "Can change student",
            "content_type": 13
        }
    },
    {
        "pk": 39,
        "model": "auth.permission",
        "fields": {
            "codename": "delete_student",
            "name": "Can delete student",
            "content_type": 13
        }
    },
    {
        "pk": 31,
        "model": "auth.permission",
        "fields": {
            "codename": "add_subject",
            "name": "Can add subject",
            "content_type": 11
        }
    },
    {
        "pk": 32,
        "model": "auth.permission",
        "fields": {
            "codename": "change_subject",
            "name": "Can change subject",
            "content_type": 11
        }
    },
    {
        "pk": 33,
        "model": "auth.permission",
        "fields": {
            "codename": "delete_subject",
            "name": "Can delete subject",
            "content_type": 11
        }
    },
    {
        "pk": 1,
        "model": "auth.user",
        "fields": {
            "username": "admin",
            "first_name": "",
            "last_name": "",
            "is_active": true,
            "is_superuser": true,
            "is_staff": true,
            "last_login": "2012-12-20T19:01:30.238Z",
            "groups": [],
            "user_permissions": [],
            "password": "pbkdf2_sha256$10000$TDy6pjP37lQi$8niXEt1gyiS8HrA2zKZkyDRp2o+fIFUpRXFC+2hmD2s=",
            "email": "admin@admin.com",
            "date_joined": "2012-12-20T19:01:30.238Z"
        }
    }
]